{"cameraMode":{"drawMode":0,"name":"Shaded","section":"Shading Mode"},"sceneLighting":true,"audioPlay":false,"sceneViewState":{"m_AlwaysRefresh":false,"showFog":true,"showSkybox":true,"showFlares":true,"showImageEffects":true,"showParticleSystems":true,"showVisualEffectGraphs":true,"m_FxEnabled":true},"in2DMode":false,"pivot":{"x":1.3551201820373536,"y":1.387404203414917,"z":0.07190001010894776},"rotation":{"x":0.10897872596979141,"y":0.33031803369522097,"z":-0.038420695811510089,"w":0.9367843270301819},"size":3.418271541595459,"orthographic":false}